category,sub_category,brand_name,file_no,serial_no,design_code,shade_no,color_code,sale_price,unit,supplier,material,pattern,color_name,type,roll_rate,cut_rate,size
Wallpaper,,Decor India,Salzburg,26,AD609102,,,110,Square Ft,Madhur,,,,,2600/ 3200,,
Wallpaper,,Decor India,Salzburg,27,AD609103,,,110,Square Ft,Madhur,,,,,2600/ 3200,,
Wallpaper,,Decor India,Salzburg,24,AD609104,,,110,Square Ft,Madhur,,,,,2600/ 3200,,
Wallpaper,,Decor India,Salzburg,31,AD609105,,,110,Square Ft,Madhur,,,,,2600/ 3200,,
Wallpaper,,Decor India,Salzburg,23,AD609106,,,110,Square Ft,Madhur,,,,,2600/ 3200,,
Wallpaper,,Decor India,Salzburg,29,AD609202,,,110,Square Ft,Madhur,,,,,2600/ 3200,,
Wallpaper,,Decor India,Salzburg,28,AD609203,,,110,Square Ft,Madhur,,,,,2600/ 3200,,
Wallpaper,,Decor India,Salzburg,30,AD609205,,,110,Square Ft,Madhur,,,,,2600/ 3200,,
Wallpaper,,Decor India,Salzburg,25,AD609206,,,110,Square Ft,Madhur,,,,,2600/ 3200,,
Wallpaper,,Decor India,Aglaia,28,AD609601,,,105,Square Ft,Madhur,,,,,2600/3200,,
Wallpaper,,Decor India,Aglaia,27,AD609603,,,105,Square Ft,Madhur,,,,,2600/3200,,
Wallpaper,,Decor India,Aglaia,29,AD609604,,,105,Square Ft,Madhur,,,,,2600/3200,,
Wallpaper,,Decor India,Aglaia,49,AG104701,,,105,Square Ft,Madhur,,,,,2600/3200,,
Wallpaper,,Decor India,Aglaia,50,AG104702,,,105,Square Ft,Madhur,,,,,2600/3200,,
Wallpaper,,Decor India,Aglaia,48,AG104705,,,105,Square Ft,Madhur,,,,,2600/3200,,
Wallpaper,,Decor India,Aglaia,45,AG104706,,,105,Square Ft,Madhur,,,,,2600/3200,,
Wallpaper,,Decor India,Aglaia,51,AG104801,,,105,Square Ft,Madhur,,,,,2600/3200,,
Wallpaper,,Decor India,Aglaia,52,AG104803,,,105,Square Ft,Madhur,,,,,2600/3200,,
Wallpaper,,Decor India,Aglaia,47,AG104805,,,105,Square Ft,Madhur,,,,,2600/3200,,
Wallpaper,,Decor India,Aglaia,46,AG104806,,,105,Square Ft,Madhur,,,,,2600/3200,,
Wallpaper,,Decor India,Salzburg,11,GA145001,,,110,Square Ft,Madhur,,,,,2600/ 3200,,
Wallpaper,,Decor India,Salzburg,8,GA145003,,,110,Square Ft,Madhur,,,,,2600/ 3200,,
Wallpaper,,Decor India,Salzburg,9,GA145004,,,110,Square Ft,Madhur,,,,,2600/ 3200,,
Wallpaper,,Decor India,Salzburg,13,GA145005,,,110,Square Ft,Madhur,,,,,2600/ 3200,,
Wallpaper,,Decor India,Salzburg,15,GA145006,,,110,Square Ft,Madhur,,,,,2600/ 3200,,
Wallpaper,,Decor India,Aglaia,31,SL146001,,,105,Square Ft,Madhur,,,,,2600/3200,,
Wallpaper,,Decor India,Aglaia,35,SL146002,,,105,Square Ft,Madhur,,,,,2600/3200,,
Wallpaper,,Decor India,Aglaia,37,SL146003,,,105,Square Ft,Madhur,,,,,2600/3200,,
Wallpaper,,Decor India,Aglaia,30,SL146005,,,105,Square Ft,Madhur,,,,,2600/3200,,
Wallpaper,,Decor India,Aglaia,39,SL146006,,,105,Square Ft,Madhur,,,,,2600/3200,,
Wallpaper,,Decor India,Aglaia,32,SL146101,,,105,Square Ft,Madhur,,,,,2600/3200,,
Wallpaper,,Decor India,Aglaia,34,SL146102,,,105,Square Ft,Madhur,,,,,2600/3200,,
Wallpaper,,Decor India,Aglaia,33,SL146103,,,105,Square Ft,Madhur,,,,,2600/3200,,
Wallpaper,,Decor India,Aglaia,36,SL146105,,,105,Square Ft,Madhur,,,,,2600/3200,,
Wallpaper,,Decor India,Aglaia,38,SL146106,,,105,Square Ft,Madhur,,,,,2600/3200,,
Wallpaper,,Decor India,Aglaia,21,,,,105,Square Ft,Madhur,,,,,2600/3200,,
Wallpaper,,Decor India,Aglaia,23,,,,105,Square Ft,Madhur,,,,,2600/3200,,
Wallpaper,,Decor India,Aglaia,24,,,,105,Square Ft,Madhur,,,,,2600/3200,,
Wallpaper,,Decor India,Aglaia,22,,,,105,Square Ft,Madhur,,,,,2600/3200,,
Wallpaper,,Decor India,Aglaia,25,,,,105,Square Ft,Madhur,,,,,2600/3200,,
Wallpaper,,Decor India,Aglaia,26,,,,105,Square Ft,Madhur,,,,,2600/3200,,
Wallpaper,,Decor India,Aglaia,40,SM608101,,,105,Square Ft,Madhur,,,,,2600/3200,,
Wallpaper,,Decor India,Aglaia,41,SM608103,,,105,Square Ft,Madhur,,,,,2600/3200,,
Wallpaper,,Decor India,Aglaia,42,SM608104,,,105,Square Ft,Madhur,,,,,2600/3200,,
Wallpaper,,Decor India,Aglaia,43,SM608105,,,105,Square Ft,Madhur,,,,,2600/3200,,
Wallpaper,,Decor India,Aglaia,44,SM608106,,,105,Square Ft,Madhur,,,,,2600/3200,,
Wallpaper,,Decor India,Salzburg,38,SM608302,,,110,Square Ft,Madhur,,,,,2600/ 3200,,
Wallpaper,,Decor India,Salzburg,37,SM608303,,,110,Square Ft,Madhur,,,,,2600/ 3200,,
Wallpaper,,Decor India,Salzburg,39,SM608304,,,110,Square Ft,Madhur,,,,,2600/ 3200,,
Wallpaper,,Decor India,Salzburg,40,SM608305,,,110,Square Ft,Madhur,,,,,2600/ 3200,,
Wallpaper,,Decor India,Salzburg,47,SM608501,,,110,Square Ft,Madhur,,,,,2600/ 3200,,
Wallpaper,,Decor India,Salzburg,46,SM608502,,,110,Square Ft,Madhur,,,,,2600/ 3200,,
Wallpaper,,Decor India,Salzburg,43,SM608503,,,110,Square Ft,Madhur,,,,,2600/ 3200,,
Wallpaper,,Decor India,Salzburg,42,SM608504,,,110,Square Ft,Madhur,,,,,2600/ 3200,,
Wallpaper,,Decor India,Salzburg,48,SM608505,,,110,Square Ft,Madhur,,,,,2600/ 3200,,
Wallpaper,,Decor India,Salzburg,41,SM608506,,,110,Square Ft,Madhur,,,,,2600/ 3200,,
Wallpaper,,Decor India,Salzburg,49,SM608601,,,110,Square Ft,Madhur,,,,,2600/ 3200,,
Wallpaper,,Decor India,Salzburg,45,SM608602,,,110,Square Ft,Madhur,,,,,2600/ 3200,,
Wallpaper,,Decor India,Salzburg,44,SM608603,,,110,Square Ft,Madhur,,,,,2600/ 3200,,
Wallpaper,,Decor India,Aglaia,2,,,,105,Square Ft,Madhur,,,,,2600/3200,,
Wallpaper,,Decor India,Aglaia,1,,,,105,Square Ft,Madhur,,,,,2600/3200,,
Wallpaper,,Decor India,Aglaia,3,,,,105,Square Ft,Madhur,,,,,2600/3200,,
Wallpaper,,Decor India,Aglaia,18,,,,105,Square Ft,Madhur,,,,,2600/3200,,
Wallpaper,,Decor India,Aglaia,19,,,,105,Square Ft,Madhur,,,,,2600/3200,,
Wallpaper,,Decor India,Aglaia,17,,,,105,Square Ft,Madhur,,,,,2600/3200,,
Wallpaper,,Decor India,Aglaia,20,,,,105,Square Ft,Madhur,,,,,2600/3200,,
Wallpaper,,Decor India,Salzburg,18,XZ143201,,,110,Square Ft,Madhur,,,,,2600/ 3200,,
Wallpaper,,Decor India,Salzburg,20,XZ143202,,,110,Square Ft,Madhur,,,,,2600/ 3200,,
Wallpaper,,Decor India,Salzburg,21,XZ143203,,,110,Square Ft,Madhur,,,,,2600/ 3200,,
Wallpaper,,Decor India,Salzburg,19,XZ143204,,,110,Square Ft,Madhur,,,,,2600/ 3200,,
Wallpaper,,Decor India,Salzburg,22,XZ143301,,,110,Square Ft,Madhur,,,,,2600/ 3200,,
Wallpaper,,Decor India,Salzburg,3,XZ143304,,,110,Square Ft,Madhur,,,,,2600/ 3200,,
Wallpaper,,Decor India,Salzburg,4,XZ143306,,,110,Square Ft,Madhur,,,,,2600/ 3200,,
Wallpaper,,Decor India,Salzburg,7,XZ143308,,,110,Square Ft,Madhur,,,,,2600/ 3200,,
Wallpaper,,Decor India,Salzburg,2,XZ143501,,,110,Square Ft,Madhur,,,,,2600/ 3200,,
Wallpaper,,Decor India,Salzburg,6,XZ143502,,,110,Square Ft,Madhur,,,,,2600/ 3200,,
Wallpaper,,Decor India,Salzburg,5,XZ143503,,,110,Square Ft,Madhur,,,,,2600/ 3200,,
Wallpaper,,Kapil,Faith-2,,11291,,,55,Square Ft.,Kapil,,,,,750/1000,,
Wallpaper,,Kapil,Faith-2,,11293,,,55,Square Ft.,Kapil,,,,,750/1000,,
Wallpaper,,Kapil,Faith-2,,11295,,,55,Square Ft.,Kapil,,,,,750/1000,,
Wallpaper,,Kapil,Faith-2,,11653,,,55,Square Ft.,Kapil,,,,,750/1000,,
Wallpaper,,Kapil,Faith-2,,11656,,,55,Square Ft.,Kapil,,,,,750/1000,,
Wallpaper,,Kapil,Faith-2,,11655,,,55,Square Ft.,Kapil,,,,,750/1000,,
Wallpaper,,Kapil,Faith-2,,11720,,,55,Square Ft.,Kapil,,,,,750/1000,,
Wallpaper,,Kapil,Faith-2,,11721,,,55,Square Ft.,Kapil,,,,,750/1000,,
Wallpaper,,Kapil,Faith-2,,11722,,,55,Square Ft.,Kapil,,,,,750/1000,,
Wallpaper,,Kapil,Faith-2,,12660,,,55,Square Ft.,Kapil,,,,,750/1000,,
Wallpaper,,Kapil,Faith-2,,12663,,,55,Square Ft.,Kapil,,,,,750/1000,,
Wallpaper,,Kapil,Faith-2,,12666,,,55,Square Ft.,Kapil,,,,,750/1000,,
Wallpaper,,Kapil,Faith-2,,12671,,,55,Square Ft.,Kapil,,,,,750/1000,,
Wallpaper,,Kapil,Faith-2,,12672,,,55,Square Ft.,Kapil,,,,,750/1000,,
Wallpaper,,Kapil,Faith-2,,12673,,,55,Square Ft.,Kapil,,,,,750/1000,,
Wallpaper,,Kapil,Faith-2,,1365,,,55,Square Ft.,Kapil,,,,,750/1000,,
Wallpaper,,Kapil,Faith-2,,13651,,,55,Square Ft.,Kapil,,,,,750/1000,,
Wallpaper,,Kapil,Faith-2,,13652,,,55,Square Ft.,Kapil,,,,,750/1000,,
Wallpaper,,Kapil,Faith-2,,13653,,,55,Square Ft.,Kapil,,,,,750/1000,,
Wallpaper,,Kapil,Faith-2,,13655,,,55,Square Ft.,Kapil,,,,,750/1000,,
Wallpaper,,Kapil,Faith-2,,13660,,,55,Square Ft.,Kapil,,,,,750/1000,,
Wallpaper,,Kapil,Faith-2,,13663,,,55,Square Ft.,Kapil,,,,,750/1000,,
Wallpaper,,Kapil,Faith-2,,13668,,,55,Square Ft.,Kapil,,,,,750/1000,,
Wallpaper,,Kapil,Faith-2,,13681,,,55,Square Ft.,Kapil,,,,,750/1000,,
Wallpaper,,Kapil,Faith-2,,13682,,,55,Square Ft.,Kapil,,,,,750/1000,,
Wallpaper,,Kapil,Faith-2,,13683,,,55,Square Ft.,Kapil,,,,,750/1000,,
Wallpaper,,Kapil,Faith-2,,13686,,,55,Square Ft.,Kapil,,,,,750/1000,,
Wallpaper,,Kapil,Faith-2,,118111,,,55,Square Ft.,Kapil,,,,,750/1000,,
Wallpaper,,Kapil,Faith-2,,118112,,,55,Square Ft.,Kapil,,,,,750/1000,,
Wallpaper,,Kapil,Faith-2,,118113,,,55,Square Ft.,Kapil,,,,,750/1000,,
Wallpaper,,Kapil,Faith-2,,118117,,,55,Square Ft.,Kapil,,,,,750/1000,,
Wallpaper,,Kapil,Faith-2,,123100,,,55,Square Ft.,Kapil,,,,,750/1000,,
Wallpaper,,Kapil,Faith-2,,123101,,,55,Square Ft.,Kapil,,,,,750/1000,,
Wallpaper,,Kapil,Faith-2,,123102,,,55,Square Ft.,Kapil,,,,,750/1000,,
Wallpaper,,Kapil,Faith-2,,123103,,,55,Square Ft.,Kapil,,,,,750/1000,,
Wallpaper,,Kapil,Faith-2,,123105,,,55,Square Ft.,Kapil,,,,,750/1000,,
Wallpaper,,Kapil,Faith-2,,123106,,,55,Square Ft.,Kapil,,,,,750/1000,,
Wallpaper,,Kapil,Faith-2,,123201,,,55,Square Ft.,Kapil,,,,,750/1000,,
Wallpaper,,Kapil,Faith-2,,123205,,,55,Square Ft.,Kapil,,,,,750/1000,,
Wallpaper,,Kapil,Faith-2,,123206,,,55,Square Ft.,Kapil,,,,,750/1000,,
Wallpaper,,Kapil,Faith-2,,128110,,,55,Square Ft.,Kapil,,,,,750/1000,,
Wallpaper,,Kapil,Faith-2,,128111,,,55,Square Ft.,Kapil,,,,,750/1000,,
Wallpaper,,Kapil,Faith-2,,128112,,,55,Square Ft.,Kapil,,,,,750/1000,,
Wallpaper,,Kapil,Faith-2,,128113,,,55,Square Ft.,Kapil,,,,,750/1000,,
Wallpaper,,Kapil,Faith-2,,128115,,,55,Square Ft.,Kapil,,,,,750/1000,,
Wallpaper,,Kapil,Faith-2,,11306,,,55,Square Ft.,Kapil,,,,,750/1000,,
Wallpaper,,Kapil,Faith-2,,11307,,,55,Square Ft.,Kapil,,,,,750/1000,,
Wallpaper,,Kapil,Faith-2,,11308,,,55,Square Ft.,Kapil,,,,,750/1000,,
Wallpaper,,Kapil,Faith-2,,11320,,,55,Square Ft.,Kapil,,,,,750/1000,,
Wallpaper,,Kapil,Faith-2,,11321,,,55,Square Ft.,Kapil,,,,,750/1000,,
Wallpaper,,Kapil,Faith-2,,11322,,,55,Square Ft.,Kapil,,,,,750/1000,,
Wallpaper,,Kapil,Faith-2,,11323,,,55,Square Ft.,Kapil,,,,,750/1000,,
Wallpaper,,Kapil,Faith-2,,11325,,,55,Square Ft.,Kapil,,,,,750/1000,,
Wallpaper,,Kapil,Faith-2,,11326,,,55,Square Ft.,Kapil,,,,,750/1000,,
Wallpaper,,Kapil,Faith-2,,11327,,,55,Square Ft.,Kapil,,,,,750/1000,,
Wallpaper,,Kapil,Destiny,1,11331,,,50,Square Ft.,Kapil,,,,,750/1000,,
Wallpaper,,Kapil,Destiny,2,11336,,,50,Square Ft.,Kapil,,,,,750/1000,,
Wallpaper,,Kapil,Destiny,3,11333,,,50,Square Ft.,Kapil,,,,,750/1000,,
Wallpaper,,Kapil,Destiny,4,11330,,,50,Square Ft.,Kapil,,,,,750/1000,,
Wallpaper,,Kapil,Destiny,5,11337,,,50,Square Ft.,Kapil,,,,,750/1000,,
Wallpaper,,Kapil,Destiny,6,11357,,,50,Square Ft.,Kapil,,,,,750/1000,,
Wallpaper,,Kapil,Destiny,7,1135,,,50,Square Ft.,Kapil,,,,,750/1000,,
Wallpaper,,Kapil,Destiny,8,11351,,,50,Square Ft.,Kapil,,,,,750/1000,,
Wallpaper,,Kapil,Destiny,9,11355,,,50,Square Ft.,Kapil,,,,,750/1000,,
Wallpaper,,Kapil,Destiny,10,11350,,,50,Square Ft.,Kapil,,,,,750/1000,,
Wallpaper,,Kapil,Destiny,11,11352,,,50,Square Ft.,Kapil,,,,,750/1000,,
Wallpaper,,Kapil,Destiny,12,11386,,,50,Square Ft.,Kapil,,,,,750/1000,,
Wallpaper,,Kapil,Destiny,13,11384,,,50,Square Ft.,Kapil,,,,,750/1000,,
Wallpaper,,Kapil,Destiny,14,11380,,,50,Square Ft.,Kapil,,,,,750/1000,,
Wallpaper,,Kapil,Destiny,15,11383,,,50,Square Ft.,Kapil,,,,,750/1000,,
Wallpaper,,Kapil,Destiny,16,11382,,,50,Square Ft.,Kapil,,,,,750/1000,,
Wallpaper,,Kapil,Destiny,17,11387,,,50,Square Ft.,Kapil,,,,,750/1000,,
Wallpaper,,Kapil,Destiny,18,11385,,,50,Square Ft.,Kapil,,,,,750/1000,,
Wallpaper,,Kapil,Destiny,19,123116,,,50,Square Ft.,Kapil,,,,,750/1000,,
Wallpaper,,Kapil,Destiny,20,123111,,,50,Square Ft.,Kapil,,,,,750/1000,,
Wallpaper,,Kapil,Destiny,21,123119,,,50,Square Ft.,Kapil,,,,,750/1000,,
Wallpaper,,Kapil,Destiny,22,123117,,,50,Square Ft.,Kapil,,,,,750/1000,,
Wallpaper,,Kapil,Destiny,23,123115,,,50,Square Ft.,Kapil,,,,,750/1000,,
Wallpaper,,Kapil,Destiny,24,11393,,,50,Square Ft.,Kapil,,,,,750/1000,,
Wallpaper,,Kapil,Destiny,25,11392,,,50,Square Ft.,Kapil,,,,,750/1000,,
Wallpaper,,Kapil,Destiny,26,11390,,,50,Square Ft.,Kapil,,,,,750/1000,,
Wallpaper,,Kapil,Destiny,27,11391,,,50,Square Ft.,Kapil,,,,,750/1000,,
Wallpaper,,Kapil,Destiny,28,11395,,,50,Square Ft.,Kapil,,,,,750/1000,,
Wallpaper,,Kapil,Destiny,29,12306,,,50,Square Ft.,Kapil,,,,,750/1000,,
Wallpaper,,Kapil,Destiny,30,12302,,,50,Square Ft.,Kapil,,,,,750/1000,,
Wallpaper,,Kapil,Destiny,31,12305,,,50,Square Ft.,Kapil,,,,,750/1000,,
Wallpaper,,Kapil,Destiny,32,12301,,,50,Square Ft.,Kapil,,,,,750/1000,,
Wallpaper,,Kapil,Destiny,33,1230,,,50,Square Ft.,Kapil,,,,,750/1000,,
Wallpaper,,Kapil,Destiny,34,12300,,,50,Square Ft.,Kapil,,,,,750/1000,,
Wallpaper,,Kapil,Destiny,35,12303,,,50,Square Ft.,Kapil,,,,,750/1000,,
Wallpaper,,Kapil,Destiny,36,11372,,,50,Square Ft.,Kapil,,,,,750/1000,,
Wallpaper,,Kapil,Destiny,37,11376,,,50,Square Ft.,Kapil,,,,,750/1000,,
Wallpaper,,Kapil,Destiny,38,11375,,,50,Square Ft.,Kapil,,,,,750/1000,,
Wallpaper,,Kapil,Destiny,39,11373,,,50,Square Ft.,Kapil,,,,,750/1000,,
Wallpaper,,Kapil,Destiny,40,11370,,,50,Square Ft.,Kapil,,,,,750/1000,,
Wallpaper,,Kapil,Destiny,41,11371,,,50,Square Ft.,Kapil,,,,,750/1000,,
Wallpaper,,Kapil,Destiny,42,12353,,,50,Square Ft.,Kapil,,,,,750/1000,,
Wallpaper,,Kapil,Destiny,43,12350,,,50,Square Ft.,Kapil,,,,,750/1000,,
Wallpaper,,Kapil,Destiny,44,12351,,,50,Square Ft.,Kapil,,,,,750/1000,,
Wallpaper,,Kapil,Destiny,45,12356,,,50,Square Ft.,Kapil,,,,,750/1000,,
Wallpaper,,Kapil,Destiny,46,12355,,,50,Square Ft.,Kapil,,,,,750/1000,,
Wallpaper,,Kapil,Destiny,47,12352,,,50,Square Ft.,Kapil,,,,,750/1000,,
Wallpaper,,Kapil,Destiny,48,123126,,,50,Square Ft.,Kapil,,,,,750/1000,,
Wallpaper,,Kapil,Destiny,49,123122,,,50,Square Ft.,Kapil,,,,,750/1000,,
Wallpaper,,Kapil,Destiny,50,123120,,,50,Square Ft.,Kapil,,,,,750/1000,,
Wallpaper,,Kapil,Destiny,51,12310,,,50,Square Ft.,Kapil,,,,,750/1000,,
Wallpaper,,Kapil,Destiny,52,12315,,,50,Square Ft.,Kapil,,,,,750/1000,,
Wallpaper,,Kapil,Destiny,53,12312,,,50,Square Ft.,Kapil,,,,,750/1000,,
Wallpaper,,Kapil,Destiny,54,12316,,,50,Square Ft.,Kapil,,,,,750/1000,,
Wallpaper,,Kapil,Destiny,55,12313,,,50,Square Ft.,Kapil,,,,,750/1000,,
Wallpaper,,Kapil,Destiny,56,12311,,,50,Square Ft.,Kapil,,,,,750/1000,,
Wallpaper,,Kapil,Destiny,57,160805,,,50,Square Ft.,Kapil,,,,,750/1000,,
Wallpaper,,Kapil,Destiny,58,160801,,,50,Square Ft.,Kapil,,,,,750/1000,,
Wallpaper,,Kapil,Destiny,59,160803,,,50,Square Ft.,Kapil,,,,,750/1000,,
Wallpaper,,Kapil,Destiny,60,160806,,,50,Square Ft.,Kapil,,,,,750/1000,,
Wallpaper,,Kapil,Destiny,61,11362,,,50,Square Ft.,Kapil,,,,,750/1000,,
Wallpaper,,Kapil,Destiny,62,11365,,,50,Square Ft.,Kapil,,,,,750/1000,,
Wallpaper,,Kapil,Destiny,63,11361,,,50,Square Ft.,Kapil,,,,,750/1000,,
Wallpaper,,Kapil,Destiny,64,11366,,,50,Square Ft.,Kapil,,,,,750/1000,,
Wallpaper,,Kapil,Destiny,65,11360,,,50,Square Ft.,Kapil,,,,,750/1000,,
Wallpaper,,Kapil,Destiny,66,11367,,,50,Square Ft.,Kapil,,,,,750/1000,,
Wallpaper,,Kapil,Destiny,67,11363,,,50,Square Ft.,Kapil,,,,,750/1000,,
Wallpaper,,Kapil,Destiny,68,12326,,,50,Square Ft.,Kapil,,,,,750/1000,,
Wallpaper,,Kapil,Destiny,69,12321,,,50,Square Ft.,Kapil,,,,,750/1000,,
Wallpaper,,Kapil,Destiny,70,12325,,,50,Square Ft.,Kapil,,,,,750/1000,,
Wallpaper,,Kapil,Destiny,71,123300,,,50,Square Ft.,Kapil,,,,,750/1000,,
Wallpaper,,Kapil,Destiny,72,123303,,,50,Square Ft.,Kapil,,,,,750/1000,,
Wallpaper,,Kapil,Destiny,73,123305,,,50,Square Ft.,Kapil,,,,,750/1000,,
Wallpaper,,Kapil,Destiny,74,123301,,,50,Square Ft.,Kapil,,,,,750/1000,,
Wallpaper,,Kapil,Destiny,75,12333,,,50,Square Ft.,Kapil,,,,,750/1000,,
Wallpaper,,Kapil,Destiny,76,12332,,,50,Square Ft.,Kapil,,,,,750/1000,,
Wallpaper,,Kapil,Destiny,77,12331,,,50,Square Ft.,Kapil,,,,,750/1000,,
Wallpaper,,Kapil,Faith,1,11227,,,55,Square Ft.,Kapil,,,,,750/1000,,
Wallpaper,,Kapil,Faith,2,11223,,,55,Square Ft.,Kapil,,,,,750/1000,,
Wallpaper,,Kapil,Faith,3,11221,,,55,Square Ft.,Kapil,,,,,750/1000,,
Wallpaper,,Kapil,Faith,4,128133,,,55,Square Ft.,Kapil,,,,,750/1000,,
Wallpaper,,Kapil,Faith,5,128131,,,55,Square Ft.,Kapil,,,,,750/1000,,
Wallpaper,,Kapil,Faith,6,128135,,,55,Square Ft.,Kapil,,,,,750/1000,,
Wallpaper,,Kapil,Faith,7,128136,,,55,Square Ft.,Kapil,,,,,750/1000,,
Wallpaper,,Kapil,Faith,8,128130,,,55,Square Ft.,Kapil,,,,,750/1000,,
Wallpaper,,Kapil,Faith,9,128137,,,55,Square Ft.,Kapil,,,,,750/1000,,
Wallpaper,,Kapil,Faith,10,12381,,,55,Square Ft.,Kapil,,,,,750/1000,,
Wallpaper,,Kapil,Faith,11,12386,,,55,Square Ft.,Kapil,,,,,750/1000,,
Wallpaper,,Kapil,Faith,12,12380,,,55,Square Ft.,Kapil,,,,,750/1000,,
Wallpaper,,Kapil,Faith,13,12382,,,55,Square Ft.,Kapil,,,,,750/1000,,
Wallpaper,,Kapil,Faith,14,12383,,,55,Square Ft.,Kapil,,,,,750/1000,,
Wallpaper,,Kapil,Faith,15,12385,,,55,Square Ft.,Kapil,,,,,750/1000,,
Wallpaper,,Kapil,Faith,16,11635,,,55,Square Ft.,Kapil,,,,,750/1000,,
Wallpaper,,Kapil,Faith,17,11632,,,55,Square Ft.,Kapil,,,,,750/1000,,
Wallpaper,,Kapil,Faith,18,11630,,,55,Square Ft.,Kapil,,,,,750/1000,,
Wallpaper,,Kapil,Faith,19,11363,,,55,Square Ft.,Kapil,,,,,750/1000,,
Wallpaper,,Kapil,Faith,20,11171,,,55,Square Ft.,Kapil,,,,,750/1000,,
Wallpaper,,Kapil,Faith,21,11172,,,55,Square Ft.,Kapil,,,,,750/1000,,
Wallpaper,,Kapil,Faith,22,11173,,,55,Square Ft.,Kapil,,,,,750/1000,,
Wallpaper,,Kapil,Faith,23,11170,,,55,Square Ft.,Kapil,,,,,750/1000,,
Wallpaper,,Kapil,Faith,24,11802,,,55,Square Ft.,Kapil,,,,,750/1000,,
Wallpaper,,Kapil,Faith,25,11806,,,55,Square Ft.,Kapil,,,,,750/1000,,
Wallpaper,,Kapil,Faith,26,11807,,,55,Square Ft.,Kapil,,,,,750/1000,,
Wallpaper,,Kapil,Faith,27,11801,,,55,Square Ft.,Kapil,,,,,750/1000,,
Wallpaper,,Kapil,Faith,28,12815,,,55,Square Ft.,Kapil,,,,,750/1000,,
Wallpaper,,Kapil,Faith,29,12818,,,55,Square Ft.,Kapil,,,,,750/1000,,
Wallpaper,,Kapil,Faith,30,12813,,,55,Square Ft.,Kapil,,,,,750/1000,,
Wallpaper,,Kapil,Faith,31,12810,,,55,Square Ft.,Kapil,,,,,750/1000,,
Wallpaper,,Kapil,Faith,32,12395,,,55,Square Ft.,Kapil,,,,,750/1000,,
Wallpaper,,Kapil,Faith,33,12391,,,55,Square Ft.,Kapil,,,,,750/1000,,
Wallpaper,,Kapil,Faith,34,12396,,,55,Square Ft.,Kapil,,,,,750/1000,,
Wallpaper,,Kapil,Faith,35,12392,,,55,Square Ft.,Kapil,,,,,750/1000,,
Wallpaper,,Kapil,Faith,36,12397,,,55,Square Ft.,Kapil,,,,,750/1000,,
Wallpaper,,Kapil,Faith,37,12390,,,55,Square Ft.,Kapil,,,,,750/1000,,
Wallpaper,,Kapil,Faith,38,12393,,,55,Square Ft.,Kapil,,,,,750/1000,,
Wallpaper,,Kapil,Faith,39,11892,,,55,Square Ft.,Kapil,,,,,750/1000,,
Wallpaper,,Kapil,Faith,40,11893,,,55,Square Ft.,Kapil,,,,,750/1000,,
Wallpaper,,Kapil,Faith,41,11896,,,55,Square Ft.,Kapil,,,,,750/1000,,
Wallpaper,,Kapil,Faith,42,13632,,,55,Square Ft.,Kapil,,,,,750/1000,,
Wallpaper,,Kapil,Faith,43,13633,,,55,Square Ft.,Kapil,,,,,750/1000,,
Wallpaper,,Kapil,Faith,44,13636,,,55,Square Ft.,Kapil,,,,,750/1000,,
Wallpaper,,Kapil,Faith,45,13635,,,55,Square Ft.,Kapil,,,,,750/1000,,
Wallpaper,,Kapil,Faith,46,12365,,,55,Square Ft.,Kapil,,,,,750/1000,,
Wallpaper,,Kapil,Faith,47,12367,,,55,Square Ft.,Kapil,,,,,750/1000,,
Wallpaper,,Kapil,Faith,48,12366,,,55,Square Ft.,Kapil,,,,,750/1000,,
Wallpaper,,Kapil,Faith,49,12362,,,55,Square Ft.,Kapil,,,,,750/1000,,
Wallpaper,,Kapil,Faith,50,13672,,,55,Square Ft.,Kapil,,,,,750/1000,,
Wallpaper,,Kapil,Faith,51,13676,,,55,Square Ft.,Kapil,,,,,750/1000,,
Wallpaper,,Kapil,Faith,52,13673,,,55,Square Ft.,Kapil,,,,,750/1000,,
Wallpaper,,Kapil,Faith,53,13670,,,55,Square Ft.,Kapil,,,,,750/1000,,
Wallpaper,,Kapil,Faith,54,12820,,,55,Square Ft.,Kapil,,,,,750/1000,,
Wallpaper,,Kapil,Faith,55,12828,,,55,Square Ft.,Kapil,,,,,750/1000,,
Wallpaper,,Kapil,Faith,56,12827,,,55,Square Ft.,Kapil,,,,,750/1000,,
Wallpaper,,Kapil,Faith,57,12823,,,55,Square Ft.,Kapil,,,,,750/1000,,
Wallpaper,,Kapil,Faith,58,160307,,,55,Square Ft.,Kapil,,,,,750/1000,,
Wallpaper,,Kapil,Faith,59,160305,,,55,Square Ft.,Kapil,,,,,750/1000,,
Wallpaper,,Kapil,Faith,60,160206,,,55,Square Ft.,Kapil,,,,,750/1000,,
Wallpaper,,Kapil,Faith,61,11301,,,55,Square Ft.,Kapil,,,,,750/1000,,
Wallpaper,,Kapil,Faith,62,11303,,,55,Square Ft.,Kapil,,,,,750/1000,,
Wallpaper,,Kapil,Faith,63,11302,,,55,Square Ft.,Kapil,,,,,750/1000,,
Wallpaper,,Kapil,Faith,64,12857,,,55,Square Ft.,Kapil,,,,,750/1000,,
Wallpaper,,Kapil,Faith,65,12373,,,55,Square Ft.,Kapil,,,,,750/1000,,
Wallpaper,,Kapil,Faith,66,12377,,,55,Square Ft.,Kapil,,,,,750/1000,,
Wallpaper,,Kapil,Faith,67,12371,,,55,Square Ft.,Kapil,,,,,750/1000,,
Wallpaper,,Kapil,Faith,68,12370,,,55,Square Ft.,Kapil,,,,,750/1000,,
Wallpaper,,Kapil,Faith,69,12375,,,55,Square Ft.,Kapil,,,,,750/1000,,
Wallpaper,,kapil/Sumit,Applause,1,A1011,,,70,Square Ft.,Kapil/Sumit,,,,,1250/1650,,
Wallpaper,,kapil/Sumit,Applause,2,A1010,,,70,Square Ft.,Kapil/Sumit,,,,,1250/1650,,
Wallpaper,,kapil/Sumit,Applause,3,A1010,,,70,Square Ft.,Kapil/Sumit,,,,,1250/1650,,
Wallpaper,,kapil/Sumit,Applause,4,A1019,,,70,Square Ft.,Kapil/Sumit,,,,,1250/1650,,
Wallpaper,,kapil/Sumit,Applause,5,A1020,,,70,Square Ft.,Kapil/Sumit,,,,,1250/1650,,
Wallpaper,,kapil/Sumit,Applause,6,A1021,,,70,Square Ft.,Kapil/Sumit,,,,,1250/1650,,
Wallpaper,,kapil/Sumit,Applause,7,A1013,,,70,Square Ft.,Kapil/Sumit,,,,,1250/1650,,
Wallpaper,,kapil/Sumit,Applause,8,A1022,,,70,Square Ft.,Kapil/Sumit,,,,,1250/1650,,
Wallpaper,,kapil/Sumit,Applause,9,A1012,,,70,Square Ft.,Kapil/Sumit,,,,,1250/1650,,
Wallpaper,,kapil/Sumit,Applause,10,A1006,,,70,Square Ft.,Kapil/Sumit,,,,,1250/1650,,
Wallpaper,,kapil/Sumit,Applause,11,A1023,,,70,Square Ft.,Kapil/Sumit,,,,,1250/1650,,
Wallpaper,,kapil/Sumit,Applause,12,A1003,,,70,Square Ft.,Kapil/Sumit,,,,,1250/1650,,
Wallpaper,,kapil/Sumit,Applause,13,A1001,,,70,Square Ft.,Kapil/Sumit,,,,,1250/1650,,
Wallpaper,,kapil/Sumit,Applause,14,A1008,,,70,Square Ft.,Kapil/Sumit,,,,,1250/1650,,
Wallpaper,,kapil/Sumit,Applause,15,A1002,,,70,Square Ft.,Kapil/Sumit,,,,,1250/1650,,
Wallpaper,,kapil/Sumit,Applause,16,A1007,,,70,Square Ft.,Kapil/Sumit,,,,,1250/1650,,
Wallpaper,,kapil/Sumit,Applause,17,A1027,,,70,Square Ft.,Kapil/Sumit,,,,,1250/1650,,
Wallpaper,,kapil/Sumit,Applause,18,A1014,,,70,Square Ft.,Kapil/Sumit,,,,,1250/1650,,
Wallpaper,,kapil/Sumit,Applause,19,A1009,,,70,Square Ft.,Kapil/Sumit,,,,,1250/1650,,
Wallpaper,,kapil/Sumit,Applause,20,A1018,,,70,Square Ft.,Kapil/Sumit,,,,,1250/1650,,
Wallpaper,,kapil/Sumit,Applause,21,A1018,,,70,Square Ft.,Kapil/Sumit,,,,,1250/1650,,
Wallpaper,,kapil/Sumit,Applause,22,A1024,,,70,Square Ft.,Kapil/Sumit,,,,,1250/1650,,
Wallpaper,,kapil/Sumit,Applause,23,A1025,,,70,Square Ft.,Kapil/Sumit,,,,,1250/1650,,
Wallpaper,,kapil/Sumit,Applause,24,A1015,,,70,Square Ft.,Kapil/Sumit,,,,,1250/1650,,
Wallpaper,,kapil/Sumit,Applause,25,A1017,,,70,Square Ft.,Kapil/Sumit,,,,,1250/1650,,
Wallpaper,,kapil/Sumit,Applause,26,A1017,,,70,Square Ft.,Kapil/Sumit,,,,,1250/1650,,
Wallpaper,,kapil/Sumit,Applause,27,A1028,,,70,Square Ft.,Kapil/Sumit,,,,,1250/1650,,
Wallpaper,,kapil/Sumit,Applause,28,A1005,,,70,Square Ft.,Kapil/Sumit,,,,,1250/1650,,
Wallpaper,,kapil/Sumit,Applause,29,A1016,,,70,Square Ft.,Kapil/Sumit,,,,,1250/1650,,
Wallpaper,,kapil/Sumit,Applause,30,A1016,,,70,Square Ft.,Kapil/Sumit,,,,,1250/1650,,
Wallpaper,,kapil/Sumit,Applause,31,A1029,,,70,Square Ft.,Kapil/Sumit,,,,,1250/1650,,
Wallpaper,,kapil/Sumit,Applause,32,A1004,,,70,Square Ft.,Kapil/Sumit,,,,,1250/1650,,
Wallpaper,,kapil/Sumit,Applause,33,A1026,,,70,Square Ft.,Kapil/Sumit,,,,,1250/1650,,
Wallpaper,,kapil/Sumit,Applause,34,A1026,,,70,Square Ft.,Kapil/Sumit,,,,,1250/1650,,
Wallpaper,,kapil/Sumit,Applause,35,J1003,,,70,Square Ft.,Kapil/Sumit,,,,,1250/1650,,
Wallpaper,,kapil/Sumit,Applause,36,J1003,,,70,Square Ft.,Kapil/Sumit,,,,,1250/1650,,
Wallpaper,,kapil/Sumit,Applause,37,J1002,,,70,Square Ft.,Kapil/Sumit,,,,,1250/1650,,
Wallpaper,,kapil/Sumit,Applause,38,J1002,,,70,Square Ft.,Kapil/Sumit,,,,,1250/1650,,
Wallpaper,,kapil/Sumit,Applause,39,J1001,,,70,Square Ft.,Kapil/Sumit,,,,,1250/1650,,
Wallpaper,,kapil/Sumit,Applause,40,J1007,,,70,Square Ft.,Kapil/Sumit,,,,,1250/1650,,
Wallpaper,,kapil/Sumit,Applause,41,J1007,,,70,Square Ft.,Kapil/Sumit,,,,,1250/1650,,
Wallpaper,,kapil/Sumit,Applause,42,J1008,,,70,Square Ft.,Kapil/Sumit,,,,,1250/1650,,
Wallpaper,,kapil/Sumit,Applause,43,J1008,,,70,Square Ft.,Kapil/Sumit,,,,,1250/1650,,
Wallpaper,,kapil/Sumit,Applause,44,J1009,,,70,Square Ft.,Kapil/Sumit,,,,,1250/1650,,
Wallpaper,,kapil/Sumit,Applause,45,J1004,,,70,Square Ft.,Kapil/Sumit,,,,,1250/1650,,
Wallpaper,,kapil/Sumit,Applause,46,J1004,,,70,Square Ft.,Kapil/Sumit,,,,,1250/1650,,
Wallpaper,,kapil/Sumit,Applause,47,J1005,,,70,Square Ft.,Kapil/Sumit,,,,,1250/1650,,
Wallpaper,,kapil/Sumit,Applause,48,J1006,,,70,Square Ft.,Kapil/Sumit,,,,,1250/1650,,
Wallpaper,,kapil/Sumit,Applause,49,J1010,,,70,Square Ft.,Kapil/Sumit,,,,,1250/1650,,
Wallpaper,,kapil/Sumit,Applause,50,J1010,,,70,Square Ft.,Kapil/Sumit,,,,,1250/1650,,
Wallpaper,,kapil/Sumit,Applause,51,J1011,,,70,Square Ft.,Kapil/Sumit,,,,,1250/1650,,
Wallpaper,,kapil/Sumit,Applause,52,J1012,,,70,Square Ft.,Kapil/Sumit,,,,,1250/1650,,
Wallpaper,,kapil/Sumit,Applause,53,S1002,,,70,Square Ft.,Kapil/Sumit,,,,,1250/1650,,
Wallpaper,,kapil/Sumit,Applause,54,S1002,,,70,Square Ft.,Kapil/Sumit,,,,,1250/1650,,
Wallpaper,,kapil/Sumit,Applause,55,S1003,,,70,Square Ft.,Kapil/Sumit,,,,,1250/1650,,
Wallpaper,,kapil/Sumit,Applause,56,S1004,,,70,Square Ft.,Kapil/Sumit,,,,,1250/1650,,
Wallpaper,,kapil/Sumit,Applause,57,S1005,,,70,Square Ft.,Kapil/Sumit,,,,,1250/1650,,
Wallpaper,,kapil/Sumit,Applause,58,S1001,,,70,Square Ft.,Kapil/Sumit,,,,,1250/1650,,
Wallpaper,,kapil/Sumit,Applause,59,S1001,,,70,Square Ft.,Kapil/Sumit,,,,,1250/1650,,
Wallpaper,,kapil/Sumit,Applause,60,S1032,,,70,Square Ft.,Kapil/Sumit,,,,,1250/1650,,
Wallpaper,,kapil/Sumit,Applause,61,S1032,,,70,Square Ft.,Kapil/Sumit,,,,,1250/1650,,
Wallpaper,,kapil/Sumit,Applause,62,S1031,,,70,Square Ft.,Kapil/Sumit,,,,,1250/1650,,
Wallpaper,,kapil/Sumit,Applause,63,S1030,,,70,Square Ft.,Kapil/Sumit,,,,,1250/1650,,
Wallpaper,,kapil/Sumit,Applause,64,S1027,,,70,Square Ft.,Kapil/Sumit,,,,,1250/1650,,
Wallpaper,,kapil/Sumit,Applause,65,S1027,,,70,Square Ft.,Kapil/Sumit,,,,,1250/1650,,
Wallpaper,,kapil/Sumit,Applause,66,S1029,,,70,Square Ft.,Kapil/Sumit,,,,,1250/1650,,
Wallpaper,,kapil/Sumit,Applause,67,S1028,,,70,Square Ft.,Kapil/Sumit,,,,,1250/1650,,
Wallpaper,,kapil/Sumit,Applause,68,S1018,,,70,Square Ft.,Kapil/Sumit,,,,,1250/1650,,
Wallpaper,,kapil/Sumit,Applause,69,S1018,,,70,Square Ft.,Kapil/Sumit,,,,,1250/1650,,
Wallpaper,,kapil/Sumit,Applause,70,S1014,,,70,Square Ft.,Kapil/Sumit,,,,,1250/1650,,
Wallpaper,,kapil/Sumit,Applause,71,S1013,,,70,Square Ft.,Kapil/Sumit,,,,,1250/1650,,
Wallpaper,,kapil/Sumit,Applause,72,S1017,,,70,Square Ft.,Kapil/Sumit,,,,,1250/1650,,
Wallpaper,,kapil/Sumit,Applause,73,S1017,,,70,Square Ft.,Kapil/Sumit,,,,,1250/1650,,
Wallpaper,,kapil/Sumit,Applause,74,S1016,,,70,Square Ft.,Kapil/Sumit,,,,,1250/1650,,
Wallpaper,,kapil/Sumit,Applause,75,S1015,,,70,Square Ft.,Kapil/Sumit,,,,,1250/1650,,
Wallpaper,,kapil/Sumit,Applause,76,S1012,,,70,Square Ft.,Kapil/Sumit,,,,,1250/1650,,
Wallpaper,,kapil/Sumit,Applause,77,S1012,,,70,Square Ft.,Kapil/Sumit,,,,,1250/1650,,
Wallpaper,,kapil/Sumit,Applause,78,S1009,,,70,Square Ft.,Kapil/Sumit,,,,,1250/1650,,
Wallpaper,,kapil/Sumit,Applause,79,S1010,,,70,Square Ft.,Kapil/Sumit,,,,,1250/1650,,
Wallpaper,,kapil/Sumit,Applause,80,S1008,,,70,Square Ft.,Kapil/Sumit,,,,,1250/1650,,
Wallpaper,,kapil/Sumit,Applause,81,S1007,,,70,Square Ft.,Kapil/Sumit,,,,,1250/1650,,
Wallpaper,,kapil/Sumit,Applause,82,S1007,,,70,Square Ft.,Kapil/Sumit,,,,,1250/1650,,
Wallpaper,,kapil/Sumit,Applause,83,S1006,,,70,Square Ft.,Kapil/Sumit,,,,,1250/1650,,
Wallpaper,,kapil/Sumit,Applause,84,S1011,,,70,Square Ft.,Kapil/Sumit,,,,,1250/1650,,
Wallpaper,,kapil/Sumit,Applause,85,S1037,,,70,Square Ft.,Kapil/Sumit,,,,,1250/1650,,
Wallpaper,,kapil/Sumit,Applause,86,S1037,,,70,Square Ft.,Kapil/Sumit,,,,,1250/1650,,
Wallpaper,,kapil/Sumit,Applause,87,S1036,,,70,Square Ft.,Kapil/Sumit,,,,,1250/1650,,
Wallpaper,,kapil/Sumit,Applause,88,S1034,,,70,Square Ft.,Kapil/Sumit,,,,,1250/1650,,
Wallpaper,,kapil/Sumit,Applause,89,S1035,,,70,Square Ft.,Kapil/Sumit,,,,,1250/1650,,
Wallpaper,,kapil/Sumit,Applause,90,S1035,,,70,Square Ft.,Kapil/Sumit,,,,,1250/1650,,
Wallpaper,,kapil/Sumit,Applause,91,S1033,,,70,Square Ft.,Kapil/Sumit,,,,,1250/1650,,
Wallpaper,,kapil/Sumit,Applause,92,S1024,,,70,Square Ft.,Kapil/Sumit,,,,,1250/1650,,
Wallpaper,,kapil/Sumit,Applause,93,S1024,,,70,Square Ft.,Kapil/Sumit,,,,,1250/1650,,
Wallpaper,,kapil/Sumit,Applause,94,S1026,,,70,Square Ft.,Kapil/Sumit,,,,,1250/1650,,
Wallpaper,,kapil/Sumit,Applause,95,S1019,,,70,Square Ft.,Kapil/Sumit,,,,,1250/1650,,
Wallpaper,,kapil/Sumit,Applause,96,S1021,,,70,Square Ft.,Kapil/Sumit,,,,,1250/1650,,
Wallpaper,,kapil/Sumit,Applause,97,S1021,,,70,Square Ft.,Kapil/Sumit,,,,,1250/1650,,
Wallpaper,,kapil/Sumit,Applause,98,S1022,,,70,Square Ft.,Kapil/Sumit,,,,,1250/1650,,
Wallpaper,,kapil/Sumit,Applause,99,S1022,,,70,Square Ft.,Kapil/Sumit,,,,,1250/1650,,
Wallpaper,,kapil/Sumit,Applause,100,S1023,,,70,Square Ft.,Kapil/Sumit,,,,,1250/1650,,
Wallpaper,,kapil/Sumit,Applause,101,S1025,,,70,Square Ft.,Kapil/Sumit,,,,,1250/1650,,
Wallpaper,,kapil/Sumit,Applause,102,S1020,,,70,Square Ft.,Kapil/Sumit,,,,,1250/1650,,
Wallpaper,,Wall Art,Sense,1,89607,,,95,Square Ft.,Kishan,,,,,1700/2100,,
Wallpaper,,Wall Art,Sense,2,89604,,,95,Square Ft.,Kishan,,,,,1700/2100,,
Wallpaper,,Wall Art,Sense,3,89601,,,95,Square Ft.,Kishan,,,,,1700/2100,,
Wallpaper,,Wall Art,Sense,4,89606,,,95,Square Ft.,Kishan,,,,,1700/2100,,
Wallpaper,,Wall Art,Sense,5,89605,,,95,Square Ft.,Kishan,,,,,1700/2100,,
Wallpaper,,Wall Art,Sense,6,89503,,,95,Square Ft.,Kishan,,,,,1700/2100,,
Wallpaper,,Wall Art,Sense,7,89504,,,95,Square Ft.,Kishan,,,,,1700/2100,,
Wallpaper,,Wall Art,Sense,8,89505,,,95,Square Ft.,Kishan,,,,,1700/2100,,
Wallpaper,,Wall Art,Sense,9,89501,,,95,Square Ft.,Kishan,,,,,1700/2100,,
Wallpaper,,Wall Art,Sense,10,58507,,,95,Square Ft.,Kishan,,,,,1700/2100,,
Wallpaper,,Wall Art,Sense,11,58407,,,95,Square Ft.,Kishan,,,,,1700/2100,,
Wallpaper,,Wall Art,Sense,12,58506,,,95,Square Ft.,Kishan,,,,,1700/2100,,
Wallpaper,,Wall Art,Sense,13,58405,,,95,Square Ft.,Kishan,,,,,1700/2100,,
Wallpaper,,Wall Art,Sense,14,58406,,,95,Square Ft.,Kishan,,,,,1700/2100,,
Wallpaper,,Wall Art,Sense,15,58402,,,95,Square Ft.,Kishan,,,,,1700/2100,,
Wallpaper,,Wall Art,Sense,16,58404,,,95,Square Ft.,Kishan,,,,,1700/2100,,
Wallpaper,,Wall Art,Sense,17,58501,,,95,Square Ft.,Kishan,,,,,1700/2100,,
Wallpaper,,Wall Art,Sense,18,58401,,,95,Square Ft.,Kishan,,,,,1700/2100,,
Wallpaper,,Wall Art,Sense,19,58603,,,95,Square Ft.,Kishan,,,,,1700/2100,,
Wallpaper,,Wall Art,Sense,20,58606,,,95,Square Ft.,Kishan,,,,,1700/2100,,
Wallpaper,,Wall Art,Sense,21,58708,,,95,Square Ft.,Kishan,,,,,1700/2100,,
Wallpaper,,Wall Art,Sense,22,58706,,,95,Square Ft.,Kishan,,,,,1700/2100,,
Wallpaper,,Wall Art,Sense,23,58605,,,95,Square Ft.,Kishan,,,,,1700/2100,,
Wallpaper,,Wall Art,Sense,24,58704,,,95,Square Ft.,Kishan,,,,,1700/2100,,
Wallpaper,,Wall Art,Sense,25,58601,,,95,Square Ft.,Kishan,,,,,1700/2100,,
Wallpaper,,Wall Art,Sense,26,58701,,,95,Square Ft.,Kishan,,,,,1700/2100,,
Wallpaper,,Wall Art,Sense,27,58705,,,95,Square Ft.,Kishan,,,,,1700/2100,,
Wallpaper,,Wall Art,Sense,28,58604,,,95,Square Ft.,Kishan,,,,,1700/2100,,
Wallpaper,,Wall Art,Sense,29,89103,,,95,Square Ft.,Kishan,,,,,1700/2100,,
Wallpaper,,Wall Art,Sense,30,89106,,,95,Square Ft.,Kishan,,,,,1700/2100,,
Wallpaper,,Wall Art,Sense,31,89105,,,95,Square Ft.,Kishan,,,,,1700/2100,,
Wallpaper,,Wall Art,Sense,32,89101,,,95,Square Ft.,Kishan,,,,,1700/2100,,
Wallpaper,,Wall Art,Sense,33,58102,,,95,Square Ft.,Kishan,,,,,1700/2100,,
Wallpaper,,Wall Art,Sense,34,58105,,,95,Square Ft.,Kishan,,,,,1700/2100,,
Wallpaper,,Wall Art,Sense,35,58108,,,95,Square Ft.,Kishan,,,,,1700/2100,,
Wallpaper,,Wall Art,Sense,36,58107,,,95,Square Ft.,Kishan,,,,,1700/2100,,
Wallpaper,,Wall Art,Sense,37,54704,,,95,Square Ft.,Kishan,,,,,1700/2100,,
Wallpaper,,Wall Art,Sense,38,54708,,,95,Square Ft.,Kishan,,,,,1700/2100,,
Wallpaper,,Wall Art,Sense,39,54701,,,95,Square Ft.,Kishan,,,,,1700/2100,,
Wallpaper,,Wall Art,Sense,40,54707,,,95,Square Ft.,Kishan,,,,,1700/2100,,
Wallpaper,,Wall Art,Sense,41,54706,,,95,Square Ft.,Kishan,,,,,1700/2100,,
Wallpaper,,Wall Art,Sense,42,58302,,,95,Square Ft.,Kishan,,,,,1700/2100,,
Wallpaper,,Wall Art,Sense,43,58304,,,95,Square Ft.,Kishan,,,,,1700/2100,,
Wallpaper,,Wall Art,Sense,44,58305,,,95,Square Ft.,Kishan,,,,,1700/2100,,
Wallpaper,,Wall Art,Sense,45,58303,,,95,Square Ft.,Kishan,,,,,1700/2100,,
Wallpaper,,Wall Art,Sense,46,89806,,,95,Square Ft.,Kishan,,,,,1700/2100,,
Wallpaper,,Wall Art,Sense,47,89804,,,95,Square Ft.,Kishan,,,,,1700/2100,,
Wallpaper,,Wall Art,Sense,48,89805,,,95,Square Ft.,Kishan,,,,,1700/2100,,
Wallpaper,,Wall Art,Sense,49,89801,,,95,Square Ft.,Kishan,,,,,1700/2100,,
Wallpaper,,Wall Art,Sense,50,89204,,,95,Square Ft.,Kishan,,,,,1700/2100,,
Wallpaper,,Wall Art,Sense,51,89206,,,95,Square Ft.,Kishan,,,,,1700/2100,,
Wallpaper,,Wall Art,Sense,52,89307,,,95,Square Ft.,Kishan,,,,,1700/2100,,
Wallpaper,,Wall Art,Sense,53,89208,,,95,Square Ft.,Kishan,,,,,1700/2100,,
Wallpaper,,Wall Art,Sense,54,89207,,,95,Square Ft.,Kishan,,,,,1700/2100,,
Wallpaper,,Wall Art,Sense,55,89306,,,95,Square Ft.,Kishan,,,,,1700/2100,,
Wallpaper,,Wall Art,Sense,56,89308,,,95,Square Ft.,Kishan,,,,,1700/2100,,
Wallpaper,,Wall Art,Sense,57,89405,,,95,Square Ft.,Kishan,,,,,1700/2100,,
Wallpaper,,Wall Art,Sense,58,89404,,,95,Square Ft.,Kishan,,,,,1700/2100,,
Wallpaper,,Wall Art,Sense,59,58202,,,95,Square Ft.,Kishan,,,,,1700/2100,,
Wallpaper,,Wall Art,Sense,60,58206,,,95,Square Ft.,Kishan,,,,,1700/2100,,
Wallpaper,,Wall Art,Sense,61,58205,,,95,Square Ft.,Kishan,,,,,1700/2100,,
Wallpaper,,Wall Art,Sense,62,58203,,,95,Square Ft.,Kishan,,,,,1700/2100,,
Wallpaper,,Wall Art,Sense,63,58201,,,95,Square Ft.,Kishan,,,,,1700/2100,,
Wallpaper,,Wall Art,Sense,64,54802,,,95,Square Ft.,Kishan,,,,,1700/2100,,
Wallpaper,,Wall Art,Sense,65,54804,,,95,Square Ft.,Kishan,,,,,1700/2100,,
Wallpaper,,Wall Art,Sense,66,54801,,,95,Square Ft.,Kishan,,,,,1700/2100,,
Wallpaper,,Wall Art,Sense,67,54805,,,95,Square Ft.,Kishan,,,,,1700/2100,,
